"code","name","is_post","country_code"
"007ex","007ex",0,""
"139express","139express",0,""
"17postservice","17 Post Service",0,""
"feia","17Feia",0,""
"1dl","1DL/EDL Expres",0,""
"1hcang","1hcang",0,"CN"
"1tong","1TONG Express",0,""
"2ebox","2 ebox",0,""
"2go","2Go Logistics",0,"PH"
"2uex","2U Express",0,""
"360lion","360 Lion Express",0,""
"360zebra","360zebra",0,"CN"
"3jmslogistics","3JMS Logistics",0,""
"co-post","4-72 (Post of Colombia)",1,"CO"
"4px","4PX",0,""
"5post","5Post",0,""
"5ul-logistics","5UL",0,""
"7-eleven-tw","7-ELEVEN (TW)",0,""
"816kf","816Kapro (Xingyuan)",0,""
"8europe","8Europe",0,""
"99minutos","99minutos.com",0,""
"aplus100","A PLUS EXPRESS",0,""
"aduiepyle","A.Duie Pyle",0,""
"aaa-cooper","AAA Cooper",0,""
"abcustom","AB Custom",0,""
"abf","ABF Freight",0,""
"abxexpress-my","ABX Express",0,""
"acommerce","aCommerce",0,""
"acscourier","ACS Courier",0,""
"acsworldwide","ACS Worldwide",0,""
"act-logistics","ACT logistic",0,""
"ada-post","AdaPost",0,"CN"
"adicional","Adicional Logistics",0,""
"adsone","ADSone",0,"AU"
"aeroflash","Aeroflash",0,"BR"
"aeronet","Aeronet",0,""
"aerotrans","Aerotrans",0,""
"aersure","Aersure",0,""
"aex","AEX Group (Paraguay)",0,"PY"
"af-post","Afghan Post",1,"AF"
"agility","Agility",0,""
"air21","AIR21",0,"PH"
"airfex","Airfex",0,"CN"
"airmee","airmee",0,""
"airpak-express","Airpak Express",0,""
"airspeed","Airspeed",0,""
"airtranscourier","AIRTRANS",0,"CY"
"airwings-india","Airwings Courier Express India",0,"IN"
"ax-post","Åland Post",1,"AX"
"aleksandr","Aleksandr",0,""
"alfatrex","AlfaTrex",0,""
"dz-post","Algeria Post",1,"DZ"
"dz-post-ems","Algeria Post EMS",1,"DZ"
"ali-business-logistics","Ali Business Logistics (ysdgj56)",0,""
"allekurier","allekurier",0,"PL"
"alliance","Alliance Air",0,""
"alliedexpress","Allied Express",0,""
"alljoy","ALLJOY SUPPLY CHAIN CO.,LTD.",0,""
"alphafast","alphaFAST ",0,""
"always-express","Always Express",0,""
"am-home-delivery","AM Home Delivery",0,"US"
"amazon","Amazon",0,""
"amazon-in","Amazon IN",0,""
"amazon-uk","Amazon UK",0,""
"amsegroup","AMSe Group",0,""
"amsma","Amsma Group",0,""
"amstan","Amstan Logistics",0,""
"ie-post","An Post",1,"IE"
"ane66","Ane Express",0,""
"angel","Angel",0,"DE"
"ai-post","Anguilla Postal Service",1,"AI"
"anicamboxexpress","anicam BOX EXPRESS",0,""
"anjun","Anjun",0,""
"annto","ANNTO",0,""
"anserx","AnserX",0,""
"anteparcel","Ant Eparcel",0,""
"ant-express","ANT Express",0,""
"anteraja","Anteraja",0,""
"ag-post","Antigua and Barbuda Post",1,"AG"
"antron","Antron Express",0,""
"anxl","anxl",0,""
"ao-you","AO YOU",0,""
"apc-overnight","Apc Overnight",0,""
"apc","APC Postal Logistics",0,""
"apg","APG eCommerce",0,""
"aprche","Aprche",0,""
"aprisaexpress","Aprisa Express",0,""
"aquiline","Aquiline",0,""
"aramex","Aramex",0,""
"aramex-au","Aramex Australia",0,"AU"
"fastway-au","Aramex Australia (formerly Fastway Australia)",0,"AU"
"aramex-nz","Aramex New Zealand",0,"NZ"
"aras-kargo","Aras Kargo",0,""
"arcb-panther-premium","ArcBest Panther Premium Logistics (ARCB)",0,""
"arco-spedizioni","Arco Spedizioni SP",0,""
"arkexpress","Ark express",0,"AU"
"ark-logistics","ARK Logistics",0,""
"arrowxl","Arrow XL",0,""
"art-logistics","Artlog Express",0,""
"ase","ASE",0,""
"asendia","Asendia",0,""
"asendia-de","Asendia (Germany)",0,"DE"
"asendia-hk","Asendia (Hong Kong)",0,""
"asendia-uk","Asendia (United Kingdom)",0,"GB"
"watchmyparcel-asendia","Asendia (Watchmyparcel)",0,""
"asendia-us","Asendia USA",0,"US"
"asiafly","AsiaFly",0,""
"asigna","asigna",0,""
"asus-international-logistics","Asus International Logistics",0,""
"asyad","Asyad Express",0,"IL"
"atlantic","Atlantic International Express",0,"IN"
"atwindow","ATWINDOW",0,""
"auexpress","Auexpress",0,"CN"
"aus-express","AUSExpress",0,""
"au-post","Australia Post",1,"AU"
"cx-post","Australia Post (Christmas Island)",1,"CX"
"cc-post","Australia Post (Cocos keeling Islands)",1,"CC"
"ck-post","Australia Post (Cook Islands)",1,"CK"
"hm-post","Australia Post (Heard Island And Mcdonald Islands)",1,"HM"
"nf-post","Australia Post (Norfolk Island)",1,"NF"
"averitt","AVERITT",0,""
"axlehire","AxleHire",0,""
"az-post","Azərpoçt",1,"AZ"
"bh-worldwide","B&H Worldwide",0,""
"b2ceurope","B2C Europe",0,""
"bab","Bab",0,""
"bs-post","Bahamas Post",1,"BS"
"bh-post","Bahrain Post",1,"BH"
"bljt56","BAI LE JIE TONG",0,"CN"
"bd-post","Bangladesh Post Office",1,"BD"
"bb-post","Barbados Postal Service",1,"BB"
"basa-international","Basa International",0,""
"bdt","Bdt",0,""
"bee-express","Bee Express",0,""
"beebird","Beebird Logistics",0,"AU"
"bel","Bel",0,""
"bz-post","Belize Postal Service",1,"BZ"
"by-post","Belposhta / belpost (Belarus Post)",1,"BY"
"ibeone","Beone Logistics",0,""
"bm-post","Bermuda Post",1,"BM"
"bert-fr","BERT",0,"FR"
"800best","Best (800best)",0,""
"best-my","Best (Malaysia)",0,"MY"
"best-th","Best (Thailand)",0,"TH"
"best-express","Best Express",0,""
"bestwayparcel","Bestwayparcel",0,""
"cbtsd","Better Express",0,""
"better-trucks","Better Trucks",0,""
"ba-post-bh-posta","BH Posta",1,"BA"
"bai-hai-tun","BHT Bai Hai Tun",0,""
"bt-post","Bhutan Postal Corporation",1,"BT"
"io-post","BIOT Post",1,"IO"
"birdsystem","Bird System",0,""
"biz-courier","Biz Courier",0,"GR"
"bjs-home-delivery","BJS Home Delivery",0,""
"black-arrow-express","Black Arrow Express",0,""
"blexpress","blexpress",0,"CN"
"blinklastmile","Blink",0,""
"bluex","Blue Express Chile",0,"CL"
"blueskyexpress","Blue Sky Express",0,"AU"
"bluestar","Blue Star",0,""
"bluecare","Bluecare Express",0,""
"bluedart","Bluedart",0,""
"blue-ex","BlueEx",0,""
"bombax","Bombax",0,"IN"
"bombinoexp","Bombino Express Pvt Ltd",0,""
"bnexp","BONA nnexp",0,""
"bondscouriers","Bonds Couriers",0,""
"borderexpress","Border Express",0,"AU"
"bw-post","Botswana Post",1,"BW"
"boxberry","Boxberry",0,"RU"
"boxc","Boxc",0,""
"boxme","Boxme",0,""
"be-post","Bpost",1,"BE"
"be-post-int","Bpost International",1,"BE"
"bqc","BQC Express",0,""
"br1-express","BR1 Express",0,""
"bri-ems","Bridge",0,""
"bring-dk","Bring Denmark",0,"DK"
"bring-fi","Bring Finland",0,"FI"
"bring","Bring Group",0,""
"bring-nl","Bring Netherlands",0,"NL"
"bring-no","Bring Norway",0,"NO"
"bring-pl","Bring Poland",0,"PL"
"bring-se","Bring Sweden",0,"SE"
"bring-uk","Bring United Kingdom",0,"UK"
"bringer-air-cargo","Bringer Air Cargo",0,""
"bringer-parcel-service","Bringer Parcel Service",0,""
"brouwer-transport","Brouwer Transport en Logistiek B.V.",0,""
"brt-it","BRT (DPD Group)",0,"IT"
"bn-post","Brunei Post",1,"BN"
"bsi-ecommerce","BSI e-Commerce Logistics",0,""
"bsi","BSI International",0,""
"btd","BTD",0,""
"buffalo","Buffalo",0,""
"bg-post","Bulgarian Posts",1,"BG"
"bi-post","Burundi Post",1,"BI"
"buylogic","BuyLogic",0,""
"vg-post","BVI Post",1,"VG"
"ch-robinson","C.H. Robinson Worldwide, Inc.",0,""
"cacesa-postal","Cacesa Postal",0,""
"cainiao","Cainiao",0,""
"kh-post","Cambodia Post",1,"KH"
"cm-post","Campost (Cameroon Post)",1,"CM"
"air-gtc","Canada Air Express",0,""
"ca-post","Canada Post",1,"CA"
"canpar","Canpar Express",0,""
"cpex","Captain Express International",0,""
"cargointl-de","Cargo International",0,""
"cargus","Cargus",0,""
"caribou","Caribou",0,""
"carry-flap","Carry-Flap Co.,Ltd.",0,"JP"
"ky-post","Cayman Islands Postal Service",1,"KY"
"cbl-logistica","CBL Logistica",0,""
"c-chez-vous","CChezvous",0,"FR"
"cdek","CDEK Global",0,""
"cdek-ru","CDEK Russia",0,"RU"
"cdek-tr","CDEK Turkey",0,"TR"
"cdl-last-mile","CDL Last Mile",0,""
"celeritas","Celeritas",0,""
"cz-post","Česká pošta",1,"CZ"
"ceva-logistics","CEVA LOGISTICS",0,""
"cfl-logistics","CFL Multimodal",0,""
"cgs-express","CGS Express",0,""
"hzchgj","CH EXPRESS",0,"CN"
"td-post","Chad Post",1,"TD"
"champion-logistics","Champion Logistics",0,""
"cheer","Cheer",0,""
"chunhonggyl","CHH ChunhonggongyInglian",0,""
"chilexpress-cl","Chilexpress",0,""
"cn-post","China Post",1,"CN"
"cn-post-ems","China Post EMS (ePacket)",0,""
"fb56","China Railway Flying Leopard",0,""
"china-russia56","China Russia56",0,"CN"
"china-courier","CHINACOURIER",0,""
"chinastarlogistics","ChinaStarLogistics",0,""
"chinz56","Chinz Logistics",0,"NZ"
"chitchats","Chit Chats",0,""
"choice","CHOICE Logistics",0,"CN"
"choir-express","Choir Express Indonesia",0,""
"chronopost","Chronopost",0,""
"chronopost-fr","Chronopost France",0,"FR"
"cht361","CHT",0,"CN"
"chuangyu-logistics","Chuangyu Logistics",0,""
"ck1","Chukou1 (ck1)",0,""
"ec-firstclass","Chukou1 (ck1) - EC-firstclass",0,""
"tw-post","Chunghwa Post",1,"TW"
"citisprint","Citisprint",0,""
"cititrans","CITITRANS",0,""
"citylinkexpress","City-Link Express",0,""
"cj-century","CJ Century",0,""
"cj-logistics","CJ Logistics",0,""
"cj-logistics-my","CJ Logistics Malaysia",0,"MY"
"cjpacket","CJ PACKET",0,""
"ckeex","Ckeex",0,""
"cl-elogistics","CL E-Logistics Solutions Limited",0,""
"clevy-links","Clevy Links",0,""
"hkems","Cloud mail cross border Express",0,"CN"
"cloudwish-asia","Cloudwish Asia",0,""
"cndexpress","CND Express",0,""
"cnexps","CNE Express",0,""
"cnilink","CNILINK",0,""
"cnpex","Cnpex",0,"CN"
"cnwangtong","CnWangTong Dianyoujian e-Commerce",0,""
"coe","COE",0,""
"colicoli","Colicoli",0,""
"colis-prive","Colis Prive",0,"FR"
"colissimo","Colissimo",0,"FR"
"collect-plus","Collect Plus",0,""
"collectco","CollectCo",0,""
"collivery","Collivery",0,""
"comet-hellas-gr","Comet Hellas",0,""
"comet-tech","Comet Tech",0,""
"commonline-express","Commonline Express",0,""
"comone","ComOne Express",0,""
"km-post","Comoros Post",1,"KM"
"comexpress","COMPASS EXPRESS",0,""
"con-way","Con Way",0,""
"cd-post","Congolese Posts and Savings Company",1,"CD"
"connect-co","ConnectCo",0,"LK"
"continental","Continental Global Service Ltd",0,""
"coordinadora","Coordinadora",0,""
"copa-courier","Copa Airlines Courier",0,""
"cope","Cope Sensitive Freight",0,"AU"
"corporate-couriers","Corporate Couriers Logistics",0,""
"br-post","Correios (Brazil Post)",1,"BR"
"gw-post","Correios da Guiné Bissau",1,"GW"
"ao-post","Correios de Angola",1,"AO"
"cv-post","Correios de Cabo Verde",1,"CV"
"mo-post","Correios de Macau",1,"MO"
"mz-post","Correios de Moçambique",1,"MZ"
"st-post","Correios de São Tomé e Príncipe",1,"ST"
"tl-post","Correios de Timor Leste",1,"TL"
"ar-post","Correo Argentino",1,"AR"
"py-post","Correo Paraguayo",1,"PY"
"uy-post","Correo Uruguayo",1,"UY"
"ad-post-correos","Correos (Andorra)",1,"AD"
"bo-post","Correos Bolivia",1,"BO"
"cl-post","Correos de Chile",1,"CL"
"cr-post","Correos de Costa Rica",1,"CR"
"cu-post","Correos de Cuba",1,"CU"
"sv-post","Correos de el Salvador",1,"SV"
"es-post","Correos de España (Post of Spain)",1,"ES"
"mx-post","Correos de México (Mexico Post)",1,"MX"
"ni-post","Correos de Nicaragua",1,"NI"
"ec-post","Correos del Ecuador",1,"EC"
"correos-express","Correos Express",0,""
"zy100-express","Cosco Express",0,"NSW"
"cosco-shipping-air","Cosco Shipping Air",0,""
"cosex","Cosex",0,""
"courant-plus","Courant Plus",0,"CA"
"courier-center","Courier Center",0,"GR"
"courierit","COURIERIT",0,"ZA"
"courierplus-ng","CourierPlus Nigeria",0,""
"courierpost","CourierPost",0,""
"couriersplease","Couriers Please",0,""
"cpacket","Cpacket / Canadapostway",0,""
"cw-post","CPost (Curaçao Post)",1,"CW"
"cpszy","CPSZY",0,""
"crazyexpress","Crazy Express",0,""
"croshot","Croshot",0,""
"csd-express","CSD Express",0,""
"cse","CSE (Courier Service Express)",0,""
"csil-group","CSIL",0,""
"ctc-express","CTC Express",0,""
"pt-post","CTT (Portugal Post)",1,"PT"
"tourline-express","CTT Express (Tourline Express)",0,""
"cubyn","Cubyn",0,""
"cuckooexpress","Cuckoo Express",0,""
"cxc-express","CXC Express",0,""
"cy-post","Cyprus Post",1,"CY"
"dachser","DACHSER Intelligent Logistics",0,""
"dai-post","DAI Post",0,""
"danniao","Dan Niao",0,""
"danske-fragt","Danske Fragt",0,""
"dao-as","dao",0,""
"dawnwing","Dawn Wing (DPD Laser)",0,""
"dayross","Day & Ross",0,"CA"
"dayton-freight","Dayton Freight",0,""
"db-schenker","DB Schenker",0,""
"dd-express","DD Express",0,""
"ddu-express","DDU Express",0,""
"dealer-send","DealerSend",0,""
"decnlh","decnlh",0,""
"dekun","Dekun",0,""
"delcart-in","Delcart ",0,"IN"
"delhivery","Delhivery",0,""
"delivere","deliverE",0,""
"deliveryontime","Deliveryontime (Bizlog)",0,""
"dellin","Dellin",0,""
"delnext","Delnext",0,""
"deltec-courier","Deltec Courier",0,""
"demandship","Demandship",0,""
"deppon","Deppon",0,""
"deprisa","Deprisa",0,""
"deqi-bsc","DEQI BSC",0,""
"descartes","Descartes",0,""
"destiny","Destiny Transportation",0,""
"detrack","Detrack",0,""
"de-post","Deutsche Post",1,"DE"
"dex-i","DEX-I",0,""
"dfglobalex","dfglobalex",0,""
"dg-transporte","DG Transporte",0,""
"dhl","DHL",0,""
"dhl-active-tracing","DHL Active Tracing",0,""
"dhl-be","DHL Belgium",0,"BE"
"dhl-global-mail-asia","DHL eCommerce Asia",0,""
"dhl-global-mail","DHL eCommerce Global",0,""
"dhl-express","DHL Express",0,""
"dhl-freight","DHL Freight",0,""
"dhl-packet","DHL Packet",0,""
"dhlparcel-nl","DHL Parcel NL",0,"NL"
"dhlparcel-uk","DHL Parcel UK",0,"GB"
"dhl-pl","DHL Poland",0,"PL"
"dhl-es","DHL Spain",0,"ES"
"dhlink","Dhlink",0,"CN"
"diamond-eurogistics","Diamond Eurogistics Limited",0,""
"didadi","DIDADI Logistics",0,""
"dimerco","Dimerco Express Group",0,""
"directcouriers","Direct Couriers (Australia)",0,"AU"
"direct-link","Direct Link",0,""
"directparcels","Direct Parcels",0,""
"directfreight-au","Directfreight Au",0,""
"direct-log","Directlog",0,""
"dj-post","Djibouti Post",1,"DJ"
"dmm-network","DMM Network",0,""
"dms-matrix","DMSMatrix",0,""
"dnj-express","DNJ Express",0,""
"dobropost","DobroPost",0,""
"dm-post","Dominica Post",1,"DM"
"doora","Doora",0,""
"dotzot","Dotzot",0,""
"dpd","DPD",0,""
"dpd-at","DPD Austria",0,"AT"
"dpd-br","DPD Brazil (Jadlog)",0,"BR"
"dpd-fr","DPD France",0,"FR"
"dpd-de","DPD Germany",0,"DE"
"dpd-hk","DPD Hong Kong",0,"HK"
"dpd-hu","DPD Hungary",0,"HU"
"dpd-ie","DPD Ireland",0,"IE"
"dpd-pl","DPD Poland",0,"PL"
"dpd-pt","DPD Portugal",0,"PT"
"dpd-ro","DPD Romania",0,"RO"
"dpd-ru","DPD Russia",0,"RU"
"dpd-uk","DPD United Kingdom",0,"GB"
"dpe-express","DPE Expess",0,""
"dpe-za","DPE South Africa",0,""
"dpex","DPEX",0,""
"szdpex","DPEX China",0,""
"dpx-express","DPX Express",0,""
"dsv","DSV",0,""
"dtd-direct","DTD Express Logistica",0,""
"dtdc","DTDC",0,"IN"
"dwe","DWE EX",0,""
"dwz-logistics","DWZ Internation Logistics",0,""
"dxdelivery","DX Delivery",0,"UK"
"dyexpress","DYEXPRESS",0,""
"dylt","Dylt",0,""
"dynalogic","DynaLogic",0,"NL"
"dynamic-logistics","Dynamic Logistics",0,""
"e-d-post","E D POST",0,""
"e-commerce-kz","E-commerce KZ",0,""
"eac","EAC",0,""
"early-bird","Early Bird",0,""
"easy-mail","Easy Mail",0,""
"easy-ship","Easy Ship",0,""
"easy-way","Easy Way",0,""
"easyget","EasyGet",0,""
"ebowxp","EBO",0,"CN"
"ecargo-asia","Ecargo Asia",0,""
"ecexpress","ECexpress",0,""
"global-routers","Echindia",0,"CN"
"echo","Echo",0,""
"ecms","Ecms Express",0,""
"ecom-express","Ecom Express",0,"IN"
"econt","Econt",0,""
"ecoscooting","ECOSCOOTING",0,""
"ecourier-bd","eCourier (Bangladesh)",0,"BD"
"edlon-logistics","Edlon Logistics",0,""
"efex","eFEX",0,""
"efs","EFS",0,""
"efspost","EFSPost",0,"CN"
"eg-post","Egypt Post",1,"EG"
"ekart","Ekart Logistics",0,""
"pe-post","El Correo del Peru (Peru Post)",1,"PE"
"elinex","ELINEX",0,""
"elitebio","ELITEBIO",0,""
"elog-luxembourg","Elog Luxembourg",0,"LUX"
"elogistica","elogistica Ligistica Urbana",0,""
"elta-courier-gr","ELTA Courier",1,"GR"
"gr-post","ELTA Hellenic Post",1,"GR"
"emons","Emons",0,"DE"
"ae-post","Empost (Emirates Post)",1,"AE"
"empsexpress","EMPS Express",0,""
"ems","EMS Post",1,""
"endeavour-delivery","Endeavour Delivery",0,""
"ensenda","Ensenda",0,""
"envialia","Envialia",0,""
"ep-box","Ep Box",0,""
"eparcel-kr","eParcel Korea",0,""
"epostglobal","ePost Global",0,""
"eps-globe","EPS Globe",0,""
"sz-post","EPTC",1,"SZ"
"eqt","EQT",0,""
"gq-post","Equatorial Guinea Post",1,"GQ"
"equick-cn","Equick China",0,""
"eretail","eRetail Logistics",0,""
"er-post","Eritrea Post",1,"ER"
"ese","ESE",0,""
"eshipping","Eshipping",0,""
"eshun","Eshun (ZES Express)",0,""
"esnad-express","Esnad Express",0,""
"espeedpost","Espeedpost",0,""
"espost-cn","Espost",0,""
"estafeta","Estafeta",0,""
"estafetausa","Estafeta USA",0,"US"
"estes","Estes",0,""
"esx-logistics","ESX Logistics",0,""
"eteen","ETEEN",0,""
"et-post","Ethiopian Postal Service",1,"ET"
"etomars","Etomars",0,""
"etotal","eTotal Solution Limited",0,""
"ets","ETS Express (RETS)",0,""
"eu-fleet-solutions","EU Fleet Solutions",0,""
"euasia","Euasia Express",0,""
"eurodis","Eurodis",0,""
"hermes-uk","Evri/Hermes UK",0,"GB"
"ewe-global-express","EWE Global Express",0,""
"ews-yq","EWS-YQ Profit Fields",0,""
"exapaq","Exapaq (DPD France)",0,"FR"
"exelot","Exelot",0,""
"expeditors","Expeditors International",0,""
"expresscourierintl","Express Courier",0,"US"
"express-one","Express One",0,""
"eyoupost","Eyou800",0,"CN"
"ez-express","ez.express",0,""
"ezship","Ezship",0,""
"fafalux","fafalux",0,""
"fk-post","Fakland Islands Post",1,"FK"
"famiport","FamiPort",0,""
"far-international","FAR international",0,""
"fargood","FarGood",0,""
"xffbb","FAST BEE",0,""
"fast-despatch","Fast Despatch",0,""
"fastgo","Fastgo",0,"NZ"
"fasttrack","Fasttrack Logistica Express",0,""
"fastway","Fastway ",0,""
"fastway-ie","Fastway Ireland",0,"IE"
"fastway-nz","Fastway New Zealand",0,"NZ"
"fastway-za","Fastway South Africa",0,"ZA"
"fastwl","FASTWL (Fast World Logistic)",0,""
"ferry-boat-logistics","FBL Feey Boat Logistics",0,""
"fckj-express","FCKJ",0,""
"fedex","FedEx",0,""
"fedex-cross-border","FedEx Cross Border",0,""
"fedex-fims","FedEx FIMS",0,""
"fedex-pl","FedEx Poland",0,"PL"
"fercam","FERCAM",0,""
"fetchr","Fetchr",0,""
"fgmailconnect","fgmailconnect",0,""
"fiege","Fiege Logistics",0,""
"first-flight","First Flight",0,""
"first-flight-me","First Flight (Middle East)",0,""
"first-line","FIRST LINE",0,""
"first-logistics","First Logistics",0,""
"firstmile","FirstMile",0,""
"flashexpress-la","Flash Express Laos",0,"LA"
"flashexpress-my","Flash Express Myanmar",0,"MY"
"flashexpress-ph","Flash Express Philippines",0,"PH"
"flashexpress","Flash Express Thailand",0,"TH"
"flip-post","Flip Post",0,""
"flow-io","Flow Commerce",0,""
"njfeibao","Flying Leopards Express",0,"CN"
"flysman","FLYSMAN",0,"CN"
"flyt-express","Flytexpress",0,""
"fmx","Fmx",0,""
"fonsen-logistics","Fonsen Logistics",0,""
"forrun","forrun Pvt Ltd (Arpatech Venture)",0,""
"four-seasons-fly","Four Seasons Fly",0,""
"fps-logistics","FPS Logistics",0,""
"freightquote","FREIGHTQUOTE by C.H. Robinson",0,""
"freterapido","freterápido",0,""
"fsgj","FSGJ",0,""
"101iex","FT Exprss",0,""
"ftd","FTD Express",0,"NZ"
"fujie-express","FUJIE EXPRESS",0,""
"fulfilla","Fulfilla",0,""
"fulfillmen","Fulfillmen",0,"CN"
"furdeco","Furdeco",0,""
"bq-post","FXDC Post",1,"BQ"
"gaash-worldwide","GAASH Worldwide",0,""
"ga-post","Gabon Poste",1,"GA"
"gaeaex","GAEA international",0,""
"gm-post","GamPost",1,"GM"
"gangbao","GANGBAO Supplychain",0,""
"gati","Gati",0,""
"gati-kwe","Gati Kwe",0,""
"gba-services","GBA Services",0,""
"gbs-broker","GBS-Broker",0,""
"k56","GCT K56",0,""
"gcx-il","GCX",0,""
"gd-express","GDEx",0,""
"gdsk-de","GDSK",0,""
"geis","Geis Group CZ",0,"CZ"
"gel-express","Gel Express Logistik",0,""
"gemworldwide","GEM Worldwide",0,""
"geodis","Geodis",0,""
"ge-post","Georgian Post",1,"GE"
"geswl","GESWL Express",0,""
"gh-post","Ghana Post",1,"GH"
"ghl-logistics","GHL Logistics",0,""
"ghn","Ghn",0,""
"giantpost","GIANT EXPRESS",0,""
"gimen","GIMEN",0,""
"gio-express","GIO Express",0,""
"glav-dostavka","GlavDostavka",0,""
"global-leader","Global Leader",0,""
"global-post","Global Post",0,""
"globaltranz","GLOBALTRANZ",0,""
"globavend","Globavend",0,""
"globegistics","Globegistics (Asendia USA)",0,""
"gls","GLS",0,""
"gls-ca","GLS Canada (Formerly Dicom)",0,"CA"
"gls-hr","GLS Croatia",0,"HR"
"gls-cz","GLS Czech Republic",0,"CZ"
"gls-de","GLS Germany",0,"DE"
"gls-hu","GLS Hungary",0,"HU"
"gls-it","GLS Italy",0,"IT"
"gls-nl","GLS Netherlands",0,"NL"
"gls-pt","GLS Portugal",0,"PT"
"gls-ro","GLS Romania",0,"RO"
"gls-sk","GLS Slovakia",0,"SK"
"gls-si","GLS Slovenia",0,"SI"
"gls-es","GLS Spain (ASM)",0,"ES"
"gls-us","GLS US",0,"US"
"gls-us-freight","GLS US Freight",0,"US"
"goex","Go Express",0,""
"general-overnight","Go!Express and logistics",0,""
"gofly","Gofly",0,""
"gogo-xpress","GOGO Xpress",0,"PH"
"gojavas","Gojavas",0,""
"gotofreight","Gotofreight",0,"CN"
"gpd-service","GPD Service",0,""
"gy-post","GPOC",1,"GY"
"grand-slam-express","Grand Slam Express",0,""
"grastin","Grastin",0,""
"gd-post","Grenada Post",1,"GD"
"greyhound","Greyhound (Package Express)",0,""
"grupo-ampm","Grupo ampm",0,""
"andreani","Grupo logistico Andreani",0,""
"gsi-express","Gsi Express",0,""
"gso","Gso (GLS US)",0,""
"gtdel","GTD",0,""
"gti","GTI",0,"CN"
"gts-express","GTS Express",0,""
"gttexpress","GTTEXPRESS",0,""
"gp-post","Guadeloupe Post",1,"GP"
"gt-post","Guatemala Post",1,"GT"
"gg-post","Guernsey Post",1,"GG"
"gaopost","GXA (gaopost)",0,""
"gyl","GYL",0,""
"gzty-express-tracking","GZTY Express",0,""
"haidaibao","Haidaibao",0,""
"ht-post","Haiti Post",1,"HT"
"yhtlogistics","Hanghangtong Logistics",0,"CN"
"hanjin","Hanjin",0,""
"hxgj56","Hanxuan international express",0,"CN"
"happy2thepoint","Happy 2THEPOINT",0,""
"happy-post","Happy-Post",0,""
"am-post","HayPost",1,"AM"
"hct-logistics","HCT Logistics",0,"TW"
"hdqn","HDQN",0,""
"hellmann","Hellmann Worldwide Logistics",0,""
"helthjem","Helthjem",0,"NO"
"heppner-group","Heppner Group",0,""
"hermes-borderguru","Hermes Borderguru",0,""
"hermes-de","Hermes Germany",0,"DE"
"hermes","Hermes World",0,""
"hfd","HFD",0,""
"hilife","HiLiFe",0,""
"hipshipper","Hipshipper",0,""
"hjwl","HJWL",0,""
"hjyt-express","HJYT EXPRESS",0,""
"hkd-express","HKD International Logistics Qingdao",0,""
"hmcp","HMCP Huani Mao Cang Pei",0,""
"hmg-express","HMG Huangmagua Supply Chain",0,""
"hnca-logistics","HNCA Logistics",0,""
"hnfywl","Hnfywl",0,""
"holisol","Holisol",0,""
"hn-post","Honducor (Honduras Post)",1,"HN"
"hk-post","Hong Kong Post",1,"HK"
"hotwms","HOTWMS",0,""
"houndexpress","Hound Express",0,""
"hoyang-express","HOYANGexpress",0,""
"hqgjxb","HQGJXB",0,""
"hr-parcel","HRP HR Parcel",0,""
"hr-post","Hrvatska Posta",1,"HR"
"hsd-ex","HSD Ex",0,""
"hsd-express","HSD HongSuDa International Logistics Co.,Ltd",0,""
"hsdgj","HSDGJ",0,""
"huayu","Hua Yu",0,""
"hh-exp","HUAHAN LOGISTICS",0,""
"huahang-express","HUAHANG EXPRESS",0,""
"huanshid","Huanshid",0,""
"huantong","HuanTong",0,""
"huasheng-int","Huasheng INT",0,""
"huaxi-express","HuaXi Express",0,""
"huif56","Hui Feng Logistics",0,""
"huidaex","Huida Express",0,""
"huin-logistics","HUIN Logistics",0,""
"huisenky","HuiSenKy",0,""
"hundred-miles-freight","Hundred Miles Freight",0,""
"hunter-express","Hunter Express",0,""
"huodull","Huodull",0,""
"hx-express","Hx Express",0,""
"hy-express","HY Express",0,""
"hzc-express","HZC",0,""
"i-parcel","I Parcel (UPS)",0,""
"icumulus","icumulus GLOBAL EXPRESS",0,""
"idexpress","IDExpress",0,""
"ids-logistics","IDS Logistics",0,""
"imexglobalsolutions","IMEX Global Solutions",0,""
"imile","iMile",0,""
"iml-cn","IML Express China",0,""
"imlb2c","IML Logistics",0,""
"iml-ru","IML Russia",0,""
"imxmail","IMX",0,""
"india-ocean","India Ocean",0,""
"in-post","India Post",1,"IN"
"indopaket","INDOPAKET",0,"ID"
"inexpost","INEX POST",0,""
"do-post","Inposdom",1,"DO"
"inpost-pl","InPost",0,"PL"
"inpost-it","InPost Italia",0,"IT"
"inpost-es","InPost Spain",0,"ES"
"inpost-uk","InPost UK",0,"UK"
"intelcom-express","Intelcom Express",0,""
"intelipost","Intelipost (TMS for LATAM)",0,"BR"
"interlink-express","Interlink Express (DPD Local)",0,""
"interparcel-au","Interparcel Australia",0,"AU"
"interparcel-nz","Interparcel New Zealand",0,"NZ"
"interparcel-uk","Interparcel UK",0,"UK"
"intexpress","Intexpress",0,""
"ve-post","Ipostel",1,"VE"
"iqsgsc","IQS",0,""
"ir-post","Iran Post",1,"IR"
"iq-post","Iraqi Post",1,"IQ"
"im-post","Isle of Man Post",1,"IM"
"iso-logistics","ISO Logistics",0,""
"il-post","Israel Post",1,"IL"
"ivoy","iVoy Mensajería Express",0,"MX"
"jt-express","J&T Express",0,""
"jt-express-cn","J&T Express (CN)",0,"CN"
"jt-express-id","J&T Express (ID)",0,"ID"
"jt-express-my","J&T Express (MY)",0,"MY"
"jt-express-ph","J&T Express (PH)",0,"PH"
"jt-express-sg","J&T Express (SG)",0,"SG"
"jt-express-th","J&T Express (TH)",0,"TH"
"jt-express-vn","J&T Express (VN)",0,"VN"
"j-net","J-Net",0,""
"jaldivery","Jaldivery",0,""
"jm-post","Jamaica Post",1,"JM"
"jam-express","JamExpress",0,""
"janco","Janco Express",0,""
"janio","Janio",0,""
"jp-post","Japan Post",1,"JP"
"japo-transport","JAPO Transport",0,""
"jayonexpress","Jayon Express",0,""
"jcex","JCEX",0,""
"jd-ex","JD Express",0,""
"jd-global-logistics","JD GLOBAL Logistics",0,""
"jd-168","JD-168",0,""
"jde-ru","JDE",0,""
"jdiex","JDIEX",0,""
"jeny-xpress","JENY",0,""
"je-post","Jersey Post",1,"JE"
"jet-ship","Jet-Ship",0,""
"jetlogistic","Jetlogistic",0,""
"jetstarexp","Jetstarexp",0,""
"jiachenexpress","JIACHEN INTERNATIONAL",0,""
"jiayi56","Jiayi Express",0,"CN"
"jinlai","JINLAI",0,""
"jinsung","Jinsung",0,""
"szjiuz","JIUZHOU Logistics",0,""
"jne","JNE Express",0,""
"jocom","Jocom",0,""
"joeyco","JoeyCo",0,""
"joomlogistics","Joom Logistics",0,""
"jo-post","Jordan Post",1,"JO"
"joyingbox","Joying Box",0,""
"jpsgj","JPSGJ",0,""
"js-exp","JS EXPRESS",0,"CN"
"jsh","JSH",0,""
"jtex-i360express","JTEX i360express",0,""
"jumppoint","Jumppoint",0,"CN"
"jx","JX (J-Express)",0,""
"jinyangcheng","JYC Jinyangcheng",0,""
"k-mestu","K-mestu",0,""
"k1-express","K1 Express",0,""
"kaigenlogistics","Kaigenlogistics",0,"CN"
"kangaroo-my","Kangaroo My",0,""
"kz-post","KazPost",1,"KZ"
"ke-post","Kenya Post",1,"KE"
"kerry-ecommerce","Kerry eCommerce",0,""
"kerry-express-th","Kerry Express (Thailand)",0,"TH"
"kerry-express-vn","Kerry Express (Vietnam)",0,"VN"
"kerry-express-hk","Kerry Express Hong Kong (TGXpress)",0,"HK"
"kerry","Kerry Logistics",0,""
"kerry-tec","Kerry Tec",0,""
"kerrytj","Kerry TJ Taiwan (Formerly T-Join logistics Ltd.)",0,"TW"
"kgmhub","KGM hub",0,""
"kiala","Kiala (UPS)",0,""
"kuaidaexp","King Delivery",0,""
"king-kong-express","King Kong Express",0,""
"ki-post","Kiribati Post",1,"KI"
"kjy","KJY",0,""
"knuk","Knuk / KNAirlink",0,""
"komon","Komon",0,""
"kong-lok-express","Kong Lok Express",0,""
"kr-post","Korea Post",1,"KR"
"krexi-international","Krexi international",0,""
"kuajing-line","KuaJing Line",0,""
"ky-express","KuaYue Express",0,""
"kuehne-nagel","Kuehne + Nagel",0,""
"kurasi","Kurasi",0,""
"kw-post","Kuwait Post",1,"KW"
"kintetsu-world-express","KWE - Kintetsu World Express, Inc.",0,""
"kwt","KWT",0,""
"kylin-express","Kylin Express",0,""
"kg-post-kep","Kyrgyz Express Post",1,"KG"
"kg-post","Kyrgyz Post",1,"KG"
"lahuoex","La Huo Express",0,""
"fr-post","La Poste",1,"FR"
"ad-post-la-poste","La Poste (Andorra)",1,"AD"
"mc-post","La Poste (Monaco)",1,"MC"
"bl-post","La Poste (Saint Barthélemy)",1,"BL"
"mf-post","La Poste (Saint-Martin)",1,"MF"
"bj-post","La Poste Bénin",1,"BJ"
"cf-post","La Poste Centrafricaine",1,"CF"
"ci-post","La Poste de Côte d'Ivoire",1,"CI"
"gf-post","La Poste de Guyane",1,"GF"
"yt-post","La Poste de Mayotte",1,"YT"
"ml-post","La Poste du Mali",1,"ML"
"tg-post","La Poste du Togo",1,"TG"
"mq-post","La Poste Martinique",1,"MQ"
"re-post","La Poste Réunion",1,"RE"
"sn-post","La Poste Senegal",1,"SN"
"tn-post","La Poste Tunisienne",1,"TN"
"landmark-global","Landmark Global",0,""
"la-post","Lao Post",1,"LA"
"lasership","Lasership",0,""
"lv-post","Latvijas Pasts (Latvia Post)",1,"LV"
"lazada-elogistics","Lazada Elogistics (LEL)",0,""
"lbc-express","LBC Express",0,""
"leda-express","LD Express",0,""
"ldxpress","LDXpress",0,"CN"
"leader","LEADER",0,"CN"
"ledii","Ledii",0,"CN"
"legion-express","Legion Express",0,""
"leiyi-international-logistics","LeiYi international logistics",0,""
"leopardschina","Leopards Express",0,"CN"
"ls-post","Lesotho Post",1,"LS"
"lex-express","LEX Express",0,""
"lexship","LEXSHIP",0,""
"lf-express","LF Express",0,""
"lhg","LHG",0,""
"lht-express","LHT Express",0,"CN"
"lhtex","LHT Express (CN)",0,"CN"
"libang-logistics","LiBang Logistics",0,""
"lb-post","LibanPost",1,"LB"
"lr-post","Liberia Post",1,"LR"
"ly-post","Libya Post",1,"LY"
"liccardi-express-courier","LICCARDI Express Courier",0,""
"li-post","Liechtenstein Post",1,"LI"
"lt-post","Lietuvos Pastas",1,"LT"
"line-clear","Line Clear",0,"MY"
"line-1","Line-1 International Express",0,"AU"
"lineclearexpress","Lineclear Express",0,""
"linex-solutions","Linex",0,""
"lingsong","LingSong",0,""
"lingxun-logistics","LingXun Logistics",0,""
"linkbridge","Link Bridge",0,""
"lion-parcel","Lion Parcel",0,""
"bt-exp","LJS",0,""
"lm-parcel","LMSY",0,""
"logisters","Logisters",0,""
"logistika","Logistika",0,""
"lonestar","Lone Star Overnight",0,""
"longcps","LONGCPS",0,""
"loomis-express","Loomis Express",0,""
"lotte-global-logistics","Lotte Global Logistics",0,""
"lpexpress","LP Express",0,"LT"
"ltexp","LTEXP",0,""
"ltianexp","LTIAN EXP",0,""
"lubang56","LuBang56",0,""
"ntlsgj","LvSe International",0,""
"lwe","LWE",0,""
"lyve-global","Lyve (Formally One click delivery services)",0,""
"m-xpress","M Xpress",0,""
"mx-cargo","M&X Cargo Internation Shipping Agency",0,""
"madhur-couriers","Madhur Couriers",0,"IN"
"madrooex","Madrooex",0,""
"magyar-posta","Magyar Posta",1,"HU"
"hu-post","Magyar Posta (Hungary Post)",1,"HU"
"mbe","Mail Boxed Etc",0,"ES"
"mailamericas","MailAmericas",0,""
"mailplus","mailplus Australia",0,"AU"
"mainfreight","Mainfreight",0,""
"mainway-logistics","Mainway Logistics",0,""
"make-fly","Make Fly",0,""
"mw-post","Malawi Posts Corporation",1,"MW"
"mv-post","Maldives Post",1,"MV"
"mt-post","Malta Post",1,"MT"
"maratrack","Maratrack",0,"CN"
"matdespatch","Matdespatch",0,""
"matkahuolto","Matkahuolto",0,""
"mr-post","Mauripost",1,"MR"
"mu-post","Mauritius Post",1,"MU"
"maxway","Maxway Logistics",0,"CN"
"mbw-courier","MBW COURIER INC.",0,"CA"
"mctrans","MCTrans",0,""
"meest-group","Meest Group",0,""
"megasave","Megasave",0,""
"redpack-mx","Mexico Redpack",0,""
"mglobal","Mglobal",0,""
"mhsy88","Mhsy88",0,""
"micro-express","Micro Express",0,""
"fm-post","Micronesia Post",1,"FM"
"mikropakket-be","Mikropakket Belgium",0,"BE"
"mikropakket-nl","Mikropakket Netherlands",0,"NL"
"milkman","Milkman Technologies",0,""
"mingzhi","Mingzhi",0,""
"miuson","MIUSON",0,""
"mm-logi","MM-logi",0,""
"mondialrelay","Mondial Relay",0,""
"mn-post","Mongol Post",1,"MN"
"morelink","Morelink",0,""
"morning-express","Morning Express",0,""
"morninglobal","Morning Global",0,"CN"
"movexpk","MOVE Express & Logistics (MOVEX)",0,""
"mm-post","MPT (Myanmar Post)",1,"MM"
"mrw","MRW",0,""
"msd","MSD Mosuda",0,""
"multrans-logistics","Multrans Logistics",0,""
"mx-m-trust","MX M-Trust International",0,""
"mxe","MXE (Miaoxin Express)",0,""
"myd-service","MYD Manage Your Delivery",0,""
"myib","MyIB",0,"CN"
"mylerz","Mylerz",0,""
"mypostonline","Mypostonline",0,""
"nacex","Nacex Spain",0,""
"na-post","Namibia Post",1,"NA"
"nanjingwoyuan","Nanjingwoyuan",0,""
"naqel","Naqel Express",0,""
"national-sameday","National Sameday",0,""
"nationex","Nationex",0,""
"nationwide-my","Nationwide Express",0,""
"nr-post","Nauru Post",1,"NR"
"np-post","Nepal Post",1,"NP"
"nz-post","New Zealand Post",1,"NZ"
"nu-post","New Zealand Post (Niue)",1,"NU"
"tk-post","New Zealand Post (Tokelau)",1,"TK"
"neway-transport","NEWAY Transport",0,""
"newegg-express","Newegg Express",0,""
"newgistics","Newgistics",0,""
"newzealand-couriers","Newzealand Couriers",0,""
"nexive","Nexive (TNT)",0,""
"nextsmartship","nextsmartship",0,""
"nhans-solutions","Nhans Solutions",0,""
"ntlogistics-vn","NHAT TIN Logistics",0,""
"ne-post","Niger Poste",1,"NE"
"nightline","Nightline",0,""
"nim-express","Nim Express",0,""
"nimbus-post","Nimbus Post",0,"IN"
"ninjavan","Ninjavan",0,""
"ninjavan-id","Ninjavan (Indonesia)",0,"ID"
"ninjavan-my","Ninjavan (Malaysia)",0,"MY"
"ninjavan-ph","Ninjavan (Philippines)",0,"PH"
"ninjavan-sg","Ninjavan (Singapore)",0,"SG"
"ninjavan-th","Ninjavan (Thailand)",0,"TH"
"ninjavan-vn","Ninjavan (Viet Nam)",0,"VN"
"ng-post","NiPost",1,"NG"
"nipost-netpost","NiPost (NETPOST)",1,"NG"
"nippon-express","NIPPON EXPRESS",0,""
"nobordist","Nobordist",0,""
"norsk-global","Norsk Global",0,""
"mk-post","North Macedonia Post",1,"MK"
"nova-poshta","Nova Poshta",0,"UA"
"nox-night-time-express","NOX",0,""
"nuo","NUO Seanline international",0,""
"oca-ar","OCA Argentina",0,""
"ocs","OCS ANA Group",0,""
"ocs-express","OCS Express",0,""
"ocs-worldwide","OCS Worldwide",0,"UK"
"oggyl","Oggy (Oguan Supply Chain)",0,""
"old-dominion","Old Dominion",0,""
"om-post","Oman Post",1,"OM"
"omni2","Omni2",0,"CN"
"omniparcel","Omniparcel",0,""
"ee-post","Omniva",1,"EE"
"omniva-post11","Omniva (Post11)",0,""
"oneworldexpress","One World Express",0,""
"ontime","Ontime",0,""
"ontrac","OnTrac",0,""
"oopston","OOPSTON",0,""
"opek","Opek (FedEx Poland)",0,"PL"
"gn-post","OPG (La Poste Guinéenne)",1,"GN"
"pf-post","OPT (French Polynesia Post)",1,"PF"
"nc-post","OPT (New Caledonia Post)",1,"NC"
"orange-connex","Orange Connex",0,""
"orange-ds","OrangeDS",0,""
"osm-worldwide","OSM Worldwide",0,""
"at-post","Osterreichische Post (Austrian Post)",1,"AT"
"ou-jie","OU JIE",0,""
"overseas-hr","Overseas Express",0,""
"overseas-logistics","Overseas Logistics",0,"IN"
"oyxgj","OYXGJ",0,""
"p2p-mailing","P2P Mailing",0,""
"paack","Paack",0,""
"packeta","Packeta",0,""
"packlink","Packlink",0,""
"pago","Pago Logistics",0,""
"pk-post","Pakistan Post",1,"PK"
"pal-express","PAL Express",0,""
"pw-post","Palau Postal service",1,"PW"
"ps-post","Palestine Post",1,"PS"
"palletways","Palletways",0,""
"pan-asia","Pan-Asia International",0,""
"pa-post","Panama Post",1,"PA"
"pandulogistics","Pandu Logistics",0,""
"panther-logistics","Panther Logistics",0,""
"mg-post","Paositra Malagasy",1,"MG"
"paper-express","PaperExpress",0,""
"paperfly","Paperfly Private Limited",0,""
"paquetexpress","Paquetexpress",0,""
"parcel-one","PARCEL ONE",0,""
"parcel-to-post","Parcel To Post",0,""
"parcel2go","Parcel2Go",0,""
"parcel-force","Parcelforce",0,""
"parcelhub","parcelhub (Whistl)",0,""
"parceljet","Parceljet",0,""
"parcelled-in","Parcelled In",0,""
"parcelpoint","Parcelpoint",0,""
"parcelport-nz","Parcelport",0,""
"parcelpost-sg","Parcelpost Sg",0,""
"pargo","Pargo",0,"ZA"
"park-n-parcel","Park N Parcel",0,""
"passtheparcel","Pass The Parcel",0,""
"passport","Passport",0,""
"ppbyb","PayPal Package (Ppbyb)",0,""
"pca","PCA",0,"AU"
"pcfcorp","PCF Corp - Final Mile",0,""
"pfc-express","PFC Express",0,""
"pflogistics","PFLogistics",0,"AU"
"ph-post","PHLPost (Philippine Post)",1,"PH"
"pickrr","Pickrr",0,""
"pickupp","Pickupp (HK)",0,""
"pickupp-my","Pickupp (MY)",0,""
"pickupp-sg","Pickupp (SG)",0,""
"pidge","Pidge",0,"IN"
"pil-logistics","pillogistics",0,""
"pilot-freight-services","Pilot Freight",0,""
"pitney-bowes","Pitney Bowes",0,""
"pitt-ohio","PITT OHIO",0,""
"planzer","Planzer Group",0,""
"pl-post","Poczta Polska",1,"PL"
"polarexpress","Polar Express",0,""
"pony-express","Pony Express",0,""
"aq-post","Port Lockroy post office",1,"AQ"
"id-post","Pos Indonesia",1,"ID"
"my-post","Pos Malaysia",1,"MY"
"poslaju","PosLaju",0,"MY"
"aw-post","Post Aruba",1,"AW"
"fj-post","Post Fiji",1,"FJ"
"post-haste","Post Haste",0,""
"lu-post","Post Luxembourg",1,"LU"
"postone","Post One",0,"BG"
"pg-post","Post PNG",1,"PG"
"post56","Post56",0,""
"fo-post","Posta (Faroe Post)",1,"FO"
"me-post","Posta Crne Gore",1,"ME"
"md-post","Posta Moldovei",1,"MD"
"postaplus","Posta Plus",0,""
"ro-post","Posta Romana",1,"RO"
"al-post","Posta Shqiptare (Albania Post)",1,"AL"
"si-post","Posta Slovenije (Slovenia Post)",1,"SI"
"rs-post","Pošta Srbije (Serbia Post)",1,"RS"
"ug-post","Posta Uganda",1,"UG"
"sx-post","Postal Services St. Maarten N.V.",1,"SX"
"youban","Postal State International",0,"DE"
"it-post","Poste italiane (Post of Italy)",1,"IT"
"ma-post","Poste Maroc",1,"MA"
"eh-post","Poste Maroc (Western Sahara)",1,"EH"
"sm-post","Poste San Marino",1,"SM"
"ba-post-postesrpske","Pošte Srpske",1,"BA"
"bv-post","Posten (Norway Post)",1,"BV"
"no-post","Posten Norge (Norway Post)",1,"NO"
"fi-post","Posti",1,"FI"
"nl-post-int","PostNL International",1,"NL"
"dk-post","PostNord Denmark (Post)",1,"DK"
"postnord-fi","PostNord Finland",0,"FI"
"postnord","PostNord Logistics International",0,""
"postnord-no","PostNord Norway",0,"NO"
"se-post","PostNord Sweden (Post)",1,"SE"
"post-plus","PostPlus",0,""
"is-post","Posturinn",1,"IS"
"ppl-cz","PPL CZ (Professional Parcel Logistic)",0,"CZ"
"pressio-de","Pressio (DE)",0,""
"the-professional-couriers","Professional Couriers",0,""
"promed-delivery","PROMED Delivery, Inc.",0,""
"primamulticipta","PT Prima Multi Cipta",0,"ID"
"pts-worldwide-express","PTS Worldwide Express",0,""
"tr-post","PTT Posta (Turkish Post)",1,"TR"
"pr-post","Puerto Rico Post",1,"PR"
"purolator","Purolator",0,""
"pushpak-courier","Pushpak Courier",0,"IN"
"py-express","PY Express",0,""
"qa-post","Qatar Post (Q-Post)",1,"QA"
"qfl-expres","QFL Expres",0,""
"qhxyyg","Qhxyyg",0,"CN"
"qianliniao","QLN Qianliniao",0,""
"qualitypost","Qualitypost",0,""
"quantium-solutions","Quantium Solutions",0,""
"quickway","Quickway",0,""
"quikenmx","QuikenMx",0,""
"qwintry-logstics","Qwintry Logistics",0,""
"qxpress","Qxpress",0,""
"qyexp","QYEXP",0,""
"qysc","QYSC",0,""
"qyun-express","Qyun Express",0,""
"rl-carriers","R+L Carriers",0,""
"raben-group","Raben Group",0,""
"raf","RAF",0,""
"raiderex","Raiderex",0,""
"ram-za","RAM group Southern Africa",0,"ZA"
"rcl","RCL",0,""
"rct","RCT Run Cheng Tong",0,""
"redbox-mv","Redbox Logistics (Maldives)",0,"MV"
"redchains","RedC",0,"CN"
"usf-reddaway","Reddaway (Formerly USF Reddaway)",0,""
"redur-es","REDUR",0,""
"relais-colis","Relais Colis",0,"FR"
"renrenex","Renrenex",0,""
"rincos","RINCOS",0,""
"rivo","Rivo",0,""
"roadbull","Roadbull",0,""
"roadrunner-freight","Roadrunner Freight",0,""
"rocketparcel","Rocket Parcel",0,""
"gi-post","Royal Gibraltar",1,"GI"
"royal-international","Royal International",0,""
"gb-post","Royal Mail",1,"GB"
"royal-shipments","Royal Shipments",0,""
"rpd2man","RPD2 man",0,""
"rpx-id","RPX Indonesia",0,"ID"
"rpx-logistics","RPX Logistics",0,""
"rpxonline","RPX Online",0,""
"rr-donnelley","RR Donnelley",0,""
"rrs-logistics","RRS Logistics",0,""
"runforint","Run For Int",0,""
"runbai","Runbai",0,""
"runner-express","Runner Express",0,""
"ru-post","Russian Post",1,"RU"
"ruston","Ruston",0,""
"rw-post","Rwanda Post",1,"RW"
"rzy-express","Rzy Express",0,""
"saee","SAEE (Saudi Arabia)",0,"SA"
"safexpress","SAFEXPRESS",0,""
"safly","SaFly",0,""
"sagawa","Sagawa Global",0,""
"sagawa-jp","Sagawa Japan",0,"JP"
"sai-cheng-logistics","Sai Cheng Logistics",0,""
"saia","Saia LTL Freight",0,""
"sailpost","Sailpost",0,""
"sl-post","Salpost",1,"SL"
"sameday-ro","SAMEDAY (RO)",0,"RO"
"ws-post","Samoa Post",1,"WS"
"sana","Sana",0,""
"lc-post","Santa Lucia Post",1,"LC"
"sap-express","SAP Express",0,""
"sa-post","Saudi Post",1,"SA"
"sber-logistics","Sber Logistics",0,"RU"
"scaexpress","Sca Express",0,""
"scangl","Scan Global Logistics (Formerly Transgroup)",0,""
"scg-express","SCG Express",0,"TH"
"scgja","SCGJ ShiChengGuoJi ",0,""
"scm-paqueteria","SCM Paqueteria",0,""
"scorejp","Score Jp",0,""
"scudex-express","Scudex Express",0,""
"sda-it","SDA",0,""
"sdk-express","SDK Express",0,""
"jssdt56","SDT",0,""
"sefl","SEFL (Southeastern Freight Lines)",0,""
"segmail","segmail",0,""
"seino","SEINO",0,""
"sekologistics","SEKO Logistics",0,""
"senda-express-mx","Sendex",0,""
"sending","Sending",0,"ES"
"sendit","Sendit",0,""
"sendle","Sendle",0,""
"wf-post","Service des Postes Wallis et Futuna",1,"WF"
"setel","Setel Express",0,""
"seur","SEUR International (DPD)",0,""
"seur-pt","SEUR Portugal (DPD)",0,"PT"
"seur-es","SEUR Spain (DPD)",0,"ES"
"sc-post","Seychelles Post",1,"SC"
"sf-express","SF Express (Shunfeng)",0,""
"sf-international","SF International",0,""
"sfcservice","SFC Service",0,""
"sfwl","sfwl",0,""
"sgt-it","SGT",0,""
"shadowfax","Shadowfax",0,""
"aqrum","Shanghai Aqrum Chemical Logistics Co.Ltd",0,""
"she","SHE Senhong Internation Logistics",0,""
"hanrun-logistics","Shenzhen HanRun Logistics (HRD)",0,""
"sz-redbox-logistic","Shenzhen Redbox International Logistic Co.,Ltd",0,""
"ship-it-asia","Ship It Asia",0,""
"shipa","Shipa Delivery",0,""
"shipentegra","ShipEntegra",0,""
"shipgate","SHIPGATE",0,""
"shipgce","Shipgce Express",0,""
"shippify","Shippify",0,""
"shippit","Shippit",0,""
"shipter-kr","SHIPTER (KR)",0,""
"shiptor","SHIPTOR",0,""
"juxi-express","SHJX Juxi Express",0,""
"shopee-xpress-id","Shopee Express Indonesia (SPX)",0,"ID"
"shopee-xpress-my","Shopee Express Malaysia (SPX)",0,"MY"
"shopee-xpress-ph","Shopee Express Phillipines (SPX)",0,"PH"
"shopee-xpress-sg","Shopee Express Singapore (SPX)",0,"SG"
"shopee-xpress-th","Shopee Express Thailand (SPX)",0,"TH"
"shopee-xpress-vn","Shopee Express Vietnam (SPX)",0,"VN"
"shopfans","Shopfans",0,""
"shopline-logistics","Shopline Logistics",0,""
"shree-anjani-courier","Shree Anjani Courier",0,""
"shree-mahabali-express","Shree Mahabali Express",0,"IN"
"shree-maruti","Shree Maruti",0,""
"shreen-andan-courier","SHREE NANDAN COURIER",0,""
"shree-tirupati","Shree Tirupati",0,""
"sht","SHT",0,""
"shunchangguoji","Shun Chang International",0,""
"sicepat","Sicepat Ekspres",0,""
"singlobal-express","Sin Global Express",0,""
"sg-post","Singapore Post",1,"SG"
"sinoair","Sinoair",0,""
"sino-didi","Sinodidi",0,""
"sinotrans","Sinotrans",0,""
"siodemka","Siodemka",0,""
"sja56","Sja56",0,""
"sjtsz","SJTSZ Express",0,"CN"
"kn-post","SKN Post",1,"KN"
"skroutz-last-mile","Skroutz Last Mile",0,""
"skyex","Sky Express",0,""
"skybox","SkyBox",0,""
"skynetworldwide","SKYNET Express",0,""
"skynet-my","SKYNET Malaysia",0,""
"skynet-za","SKYNET South Africa",0,""
"skypostal","SkyPostal",0,""
"yz-ex","SLICITY",0,"CN"
"slovak-parcel-service","Slovak Parcel Service",0,"SK"
"sk-post","Slovenská pošta (Slovakia Post)",1,"SK"
"smart-delivery","Smart Delivery",0,"KZ"
"smart-post-global","SMART Post Global",0,""
"smartcat","SMARTCAT",0,""
"smartr","Smartr Logistics",0,"IN"
"smg-direct","SMG Direct",0,""
"smooth","Smooth Parcel",0,""
"smsa-express","SMSA Express",0,""
"sb-post","Solomon Post",1,"SB"
"so-post","Somali Post",1,"SO"
"bf-post","Sonapost",1,"BF"
"sonictl","Sonic Transportation & Logistics",0,""
"za-post","South African Post Office (SAPO)",1,"ZA"
"ss-post","South Sudan Post",1,"SS"
"specialisedfreight-za","Specialised Freight Services",0,""
"speedee","Spee-Dee Delivery",0,""
"speedcouriers-gr","Speed Couriers",0,""
"speedaf","Speedaf Express",0,"CN"
"speedex-courier","SpeedEx Courier Service",0,""
"speedex","SPEEDEX Greece",0,""
"speedpost-sg","Speedpost Singapore",0,""
"speedy-bg","Speedy",0,""
"pm-post","SPM Post",1,"PM"
"spoton","Spoton Logistics",0,""
"spring-gds","Spring GDS",0,""
"sprintpack","SprintPack",0,""
"sprintstar","Sprintstar",0,""
"spsr","SPSR Express (DPD)",0,""
"srekorea","SRE Korea",0,""
"lk-post","Sri Lanka Post",1,"LK"
"ssd","Ssd",0,""
"stadt","STADT",0,""
"stallion-express","Stallion Express",0,""
"star-wish","Star-Wish",0,""
"starken","Starken",0,"CL"
"startrak","StarTrack",0,"AU"
"step-forward-freight","STEP FORWARD FREIGHT SERVICE CO LTD",0,""
"sto-express","STO Express (Shentong Express)",0,""
"sto-global","STO Global",0,""
"stone3pl","STONE3PL",0,""
"straightship","Straightship",0,""
"streck-transport","Streck Transport",0,""
"sd-post","Sudapost",1,"SD"
"sumxpress","Sum Xpress",0,""
"sumtom","SUMTOM",0,""
"sunnyway","Sunnyway",0,""
"sunyou","Sunyou/Sypost",0,""
"superb-express","Superb Express",0,""
"super-ton","SuperTon",0,""
"sure-express","Sure Express",0,""
"sr-post","Surpost",1,"SR"
"ste56","Suteng Logistics",0,""
"suto-logistics","Suto Logistics",0,""
"sutton-transport","Sutton Transport",0,""
"vc-post","SVG Post",1,"VC"
"sw-express","SW Express",0,""
"swftbox","Swftbox",0,"AE"
"swiship","Swiship",0,""
"swiship-au","Swiship (AU)",0,"AU"
"swiship-ca","Swiship (CA)",0,"CA"
"swiship-de","Swiship (DE)",0,"DE"
"swiship-es","Swiship (ES)",0,"ES"
"swiship-fr","Swiship (FR)",0,"FR"
"swiship-it","Swiship (IT)",0,"IT"
"swiship-jp","Swiship (JP)",0,"JP"
"swiship-uk","Swiship (UK)",0,"UK"
"ch-post","Swiss Post",1,"CH"
"sxexpress","SX-EXPRESS",0,""
"sxjdfreight","SXJD",0,""
"sy-express","SY Express",0,""
"syd-express","SYD Express",0,""
"sy-post","Syria Post",1,"SY"
"szendex","Szendex",0,""
"szjy","SZJY",0,""
"szuem","Szuem",0,""
"t-cat","T-CAT",0,""
"global-express","Tai Wan Global Business GBG",0,""
"taijin-logistics","Taijin-logistics",0,"CN"
"taishi","TaiShi",0,""
"e-can","Taiwan Pelican Express",0,""
"tj-post","Tajikistan Post",1,"TJ"
"take-send","Take Send",0,""
"tz-post","Tanzania Posts Corporation",1,"TZ"
"tascourier","TAScourier",0,""
"taxydromiki","Taxydromiki",0,""
"tazmanian-freight","Tazmanian Freight Systems",0,""
"taoplus","TBS Taoplus",0,""
"tci","TCI Express",0,"IN"
"tck-express","TCK Express",0,""
"tcs","TCS Logistics",0,""
"td-express","TD Express (Topdser)",0,""
"tongda","TDE TongDa",0,""
"the-delivery-group","TDG – The Delivery Group",0,""
"teamglobalexp","Team Global Express",0,""
"sic-teliway","Teliway SIC",0,""
"tfm-xpress","TFM Xpress",0,""
"tforce-finalmile","TForce Final Mile",0,""
"tfs906","TFS TianFuSeng",0,""
"thabit-logistics","Thabit Logistics",0,""
"th-post","Thailand Post",1,"TH"
"the-courier-guy","The Courier Guy",0,""
"thelorry","The Lorry",0,""
"pallet-network","The Pallet Network",0,""
"tianyun","Tian Yun",0,""
"tianzi","Tianzi",0,""
"tig-freight","TIG Freight",0,""
"tiki","TiKi",0,""
"timelytitan","Timelytitan",0,"NL"
"tinghao","Tinghao",0,""
"tinzung","Tinzung",0,""
"tipsa","TIPSA",0,"ES"
"tk-kit","Tk Kit",0,"RU"
"tmg-group","TMG Group",0,""
"tmm-express","TMM Express",0,""
"tnt","TNT",0,""
"tnt-au","TNT Australia",0,""
"tnt-br","TNT Brazil (Fedex)",0,""
"tnt-fr","TNT France",0,""
"tnt-it","TNT Italy",0,""
"tnt-uk","TNT UK",0,""
"tocinda","Tocinda",0,""
"toll","Toll",0,""
"tolos","Tolos",0,""
"tonami","Tonami",0,""
"tarrive","Tonda Global",0,""
"to-post","Tonga Post",1,"TO"
"topex","TopEx",0,""
"tophatterexpress","Tophatter Express",0,""
"top-you","TopYou",0,""
"total-express","Total Express",0,""
"track-mail","trackmail (UK)",0,"GB"
"tracknator","tracknator",0,""
"trackon","Trackon Couriers Pvt. Ltd",0,"IN"
"trackyourparcel","Trackyourparcel",0,""
"trakpak","TrakPak (Fedex Cross Border)",0,""
"trans-kargo","Trans Kargo",0,""
"transmission-nl","TransMission",0,""
"transrush","Transrush",0,""
"treggo-ar","TREGGO (Argentina)",0,"AR"
"treggo-co","TREGGO (Colombia)",0,"CO"
"treggo-mx","TREGGO (Mexico)",0,"MX"
"treggo-uy","TREGGO (Uruguay)",0,"UY"
"trumpcard","TRUMPCARD",0,""
"trunkrs","Trunkrs",0,""
"tstexp","Tstexp",0,"US"
"ttk-express","TTK Express",0,""
"tt-post","TTPost",1,"TT"
"tuffnells","Tuffnells",0,""
"tm-post","Turkmen Pochta",1,"TM"
"gl-post","Tusass (Greenland Post, formerly Tele-Post)",1,"GL"
"tv-post","Tuvalu Post",1,"TV"
"twth","TWTH",0,""
"tzky","Tzky",0,"CN"
"tzt","TZT Tiansheng international freight forwarders",0,""
"u-speed","U-Speed",0,""
"nege-it","UAB Nėgė",0,""
"ubi-smart-parcel","UBI Smart Parcel",0,""
"ubonex","UBon Express",0,""
"ubx-uk","UBX Express",0,"UK"
"uc-express","UC Express",0,""
"uda-international","uda International",0,""
"uds","UDS (Universal Delivery Service)",0,""
"uk-mail","UK Mail",0,""
"ua-post","Ukrposhta",1,"UA"
"un-line","Un-line",0,""
"lhexpressus","UNICON EXPRESS USA",0,""
"uniuni","UniUni",0,""
"upost","Upost",0,""
"ups","UPS",0,""
"ups-mail-innovations","UPS Mail Innovations",0,""
"upu","UPU",1,""
"courex","UrbanFox (Courex)",0,""
"urvaam","Urvaam",0,""
"usasd","Usasd",0,""
"uship","uShip",0,""
"usky-express","Usky Express",0,""
"us-post","USPS",1,"US"
"as-post","USPS (American Samoa)",1,"AS"
"mh-post","USPS (Marshall Islands)",1,"MH"
"mp-post","USPS (Northern Mariana Islands)",1,"MP"
"tc-post","USPS (Turks And Caicos Islands)",1,"TC"
"vi-post","USPS (Virgin Islands)",1,"VI"
"utec-logistics","UTEC Logistics",0,""
"uvan","Uvan",0,""
"uxtx","UXTX",0,""
"uz-post","Uzbekistan Pochtasi",1,"UZ"
"v-xpress","V-Xpress",0,"IN"
"valueway","VALUEWAY",0,""
"vamox","VAMOX",0,""
"vu-post","Vanuatu Post",1,"VU"
"va-post","Vatican Post",1,"VA"
"venipak","Venipak",0,"LT"
"vestovoy","Vestovoy",0,""
"via-europe","ViaEurope",0,""
"via-xpress","Viaxpress",0,"ES"
"vn-post","Vietnam Post",1,"VN"
"viettel-post","ViettelPost",0,""
"vnlin","Vnlin",0,""
"vova-logistics","Vova Logistics",0,""
"wahana","Wahana",0,""
"wanb-express","WANB Express",0,""
"wmycc","Wanmeng",0,"CN"
"we-world-express","We World Express (WWE)",0,""
"weaship","Weaship",0,"CN"
"wedo","WeDO Logistics",0,""
"we-logistics","WEL We Logistics",0,""
"wepost","Wepost",0,""
"westbank-courier","West Bank Courier",0,""
"westgate-global-logistics","Westgate Global Logistics",0,""
"whistl","Whistl",0,""
"wht-express","WHT Express",0,""
"wiio","Wiio",0,""
"wing-ae","Wing (AE)",0,""
"winit","Winit",0,""
"wise-express","Wise Express",0,""
"wiseloads","Wiseloads",0,""
"wishpost","Wish Post",0,""
"wizmo","Wizmo",0,""
"wld-express","WLD Express",0,""
"wmg","WMG Delivery",0,""
"wndirect","WnDirect",0,""
"wse","WSE Logistics",0,""
"wyngs-my","Wyngs",0,""
"xde-logistics-ph","XDE Logistics (Philippines)",0,"PH"
"xdexpress","XDEXPRESS",0,"AU"
"xdp-uk","XDP Express",0,""
"xend","Xend",0,""
"xf-lt56","XF-lt56",0,""
"sunjex","Xinjie Logistics",0,"CN"
"xl-express","XL Express",0,""
"xlobo","Xlobo",0,"US"
"xpert-delivery","Xpert Delivery",0,""
"xpo-connect","XPO Connect",0,"US"
"xpo-logistics","XPO Logistics",0,""
"xpost","Xpost",0,""
"xpressbees","Xpressbees",0,""
"xpressen-dk","Xpressen",0,""
"xq-logistics","XQ Logistics (星前物流 / Xingqian Logistics)",0,""
"xs-express","XS Express",0,""
"xtl","Xun Tian International",0,"CN"
"xxdexp","XXD Ex",0,""
"xyy-logsitcs","XYY Xingyunyl Logistics",0,""
"yadex","Yadex",0,"CN"
"yakit","Yakit",0,""
"taqbin-jp","Yamato",0,""
"yanwen","Yanwen",0,""
"1fkd","Yao Fei Kuai Di",0,"CN"
"ydh","YDH Express",0,""
"yds","YDS Yide Internation Freight Forwarder",0,""
"yeeda","Yeeda",0,""
"ye-post","Yemen Post",1,"YE"
"yfhex","YFHEx Logistics",0,""
"yh-express","YH Express",0,""
"yha","YHA Flying Logistics",0,""
"ylexp","Yi Long Exp",0,"CN"
"yidst","YIDST",0,""
"yifan","YiFan",0,""
"yifan-international","YIFAN international",0,""
"elian-post","Yilian (Elian) Supply Chain",0,""
"yimidida","YiMiDiDa",0,""
"yji","YJI (YanJin International)",0,""
"yunlu","YL express",0,"CN"
"yld-logistics","YLD Logistics",0,""
"ymy","Ymy",0,""
"yodel","Yodel",0,""
"yona-express","Yona Express",0,""
"guangdongyongbang","Yong Bang",0,"CN"
"uhiexpress","Youhai International Express",0,"DE"
"youmeiyutong","YouMeiYuTong",0,""
"yoseus","Yousheng International Express",0,"US"
"yrc-freight","YRC Freight",0,""
"yto","YTO Express",0,""
"yuanhao-logistics","YuanHao Logistics",0,""
"yue777","Yuema Express",0,"US"
"yun-express","Yun Express",0,""
"yunda-express","Yunda Express",0,""
"yunhui","YunHui Express",0,""
"yunpai56","YunPai56",0,""
"yurtici-kargo","Yurtici Kargo",0,""
"yusen-logistics","Yusen Logistics",0,""
"yuteng","YUTENG",0,""
"youwei-china","YWGJ",0,""
"yxi-logistics","YXILOGISTICS",0,""
"yyexpress","YYEXPRESS",0,""
"yyt","YYT",0,""
"zajil-express","Zajil Express",0,""
"zm-post","ZamPost",1,"ZM"
"zce","ZCE Shenghai Yisu",0,""
"zeek","Zeek 2Door",0,""
"zeleris","Zeleris",0,""
"zepto-express","Zepto Express",0,""
"zhiteng","Zhi Teng Logistics",0,"CN"
"zhonglu-logistics","Zhonglu Logistics - AllRoad ",0,""
"zrtl","Zhongrong Tailong",0,"CN"
"zhxt-express","ZHXT Express",0,""
"ziing-final-mile","Ziing Final Mile",0,""
"zim","ZIM Logistics",0,"CN"
"zw-post","ZimPost",1,"ZW"
"zinc","Zinc",0,""
"zip-ph","Zip Philippines",0,""
"zjs-express","ZJS Express",0,""
"zmc-express","ZMC Express",0,""
"zsdexpress","ZSDExpress",0,""
"zsgj","ZSGJ",0,""
"zto-express","ZTO Express",0,""
"zto-global","ZTO Global",0,""
"zxg","ZXG Shenzhen Zhongixng",0,""
"zyllem","Zyllem",0,""
"6ls","绿色国际速递",0,""